"when";"action";"name";"gb";"from";"ok"
"2026-09-11 16:59:36";"quarantine";"dummy.bin";"0";"J:\ComfyUI_windows_portable_nvidia\ComfyUI_windows_portable\ComfyUI\models\_audit_selftest\dummy.bin";"yes"
"2026-09-11 17:01:12";"quarantine";"dummy.bin";"0";"J:\ComfyUI_windows_portable_nvidia\ComfyUI_windows_portable\ComfyUI\models\_audit_selftest\dummy.bin";"yes"
"2026-09-11 17:47:29";"quarantine";"qwen_image_layered_bf16.safetensors";"38,05";"J:\ComfyUI_windows_portable_nvidia\ComfyUI_windows_portable\ComfyUI\models\diffusion_models\qwen_image_layered_bf16.safetensors";"yes"
"2026-09-11 17:47:29";"quarantine";"qwen_image_layered_control_bf16.safetensors";"38,05";"J:\ComfyUI_windows_portable_nvidia\ComfyUI_windows_portable\ComfyUI\models\diffusion_models\qwen_image_layered_control_bf16.safetensors";"yes"
"2026-09-11 17:47:29";"quarantine";"wan2.1_vace_14B_fp16.safetensors";"32,29";"J:\ComfyUI_windows_portable_nvidia\ComfyUI_windows_portable\ComfyUI\models\diffusion_models\wan2.1_vace_14B_fp16.safetensors";"yes"
"2026-09-11 17:47:29";"quarantine";"wan2.1_14B_SCAIL_2_fp16.safetensors";"30,54";"J:\ComfyUI_windows_portable_nvidia\ComfyUI_windows_portable\ComfyUI\models\diffusion_models\wan2.1_14B_SCAIL_2_fp16.safetensors";"yes"
"2026-09-11 17:47:29";"quarantine";"gemma_3_12B_it.safetensors";"22,71";"J:\ComfyUI_windows_portable_nvidia\ComfyUI_windows_portable\ComfyUI\models\text_encoders\gemma_3_12B_it.safetensors";"yes"
"2026-09-11 17:47:29";"quarantine";"qwen_image_2512_fp8_e4m3fn.safetensors";"19,03";"J:\ComfyUI_windows_portable_nvidia\ComfyUI_windows_portable\ComfyUI\models\diffusion_models\qwen_image_2512_fp8_e4m3fn.safetensors";"yes"
"2026-09-11 17:47:29";"quarantine";"wan2.2_s2v_14B_fp8_scaled.safetensors";"15,27";"J:\ComfyUI_windows_portable_nvidia\ComfyUI_windows_portable\ComfyUI\models\diffusion_models\wan2.2_s2v_14B_fp8_scaled.safetensors";"yes"
"2026-09-11 17:47:29";"quarantine";"wan2.2_fun_camera_high_noise_14B_fp8_scaled.safetensors";"14,25";"J:\ComfyUI_windows_portable_nvidia\ComfyUI_windows_portable\ComfyUI\models\diffusion_models\wan2.2_fun_camera_high_noise_14B_fp8_scaled.safetensors";"yes"
"2026-09-11 17:47:29";"quarantine";"wan2.2_fun_camera_low_noise_14B_fp8_scaled.safetensors";"14,25";"J:\ComfyUI_windows_portable_nvidia\ComfyUI_windows_portable\ComfyUI\models\diffusion_models\wan2.2_fun_camera_low_noise_14B_fp8_scaled.safetensors";"yes"
"2026-09-11 17:47:29";"quarantine";"LTX-2.3-distilled-Q3_K_M.gguf";"13,69";"J:\ComfyUI_windows_portable_nvidia\ComfyUI_windows_portable\ComfyUI\models\unet\LTX-2.3-distilled-Q3_K_M.gguf";"yes"
"2026-09-11 17:47:29";"quarantine";"flux2_dev_Q3_K_M.gguf";"13,49";"J:\ComfyUI_windows_portable_nvidia\ComfyUI_windows_portable\ComfyUI\models\unet\flux2_dev_Q3_K_M.gguf";"yes"
"2026-09-11 17:47:29";"quarantine";"wan2.2_fun_control_high_noise_14B_fp8_scaled.safetensors";"13,31";"J:\ComfyUI_windows_portable_nvidia\ComfyUI_windows_portable\ComfyUI\models\diffusion_models\wan2.2_fun_control_high_noise_14B_fp8_scaled.safetensors";"yes"
"2026-09-11 17:47:29";"quarantine";"wan2.2_fun_control_low_noise_14B_fp8_scaled.safetensors";"13,31";"J:\ComfyUI_windows_portable_nvidia\ComfyUI_windows_portable\ComfyUI\models\diffusion_models\wan2.2_fun_control_low_noise_14B_fp8_scaled.safetensors";"yes"
"2026-09-11 17:47:29";"quarantine";"wan2.2_fun_inpaint_high_noise_14B_fp8_scaled.safetensors";"13,31";"J:\ComfyUI_windows_portable_nvidia\ComfyUI_windows_portable\ComfyUI\models\diffusion_models\wan2.2_fun_inpaint_high_noise_14B_fp8_scaled.safetensors";"yes"
"2026-09-11 17:47:29";"quarantine";"wan2.2_fun_inpaint_low_noise_14B_fp8_scaled.safetensors";"13,31";"J:\ComfyUI_windows_portable_nvidia\ComfyUI_windows_portable\ComfyUI\models\diffusion_models\wan2.2_fun_inpaint_low_noise_14B_fp8_scaled.safetensors";"yes"
"2026-09-11 17:47:29";"quarantine";"hf";"11,99";"J:\ComfyUI_windows_portable_nvidia\ComfyUI_windows_portable\ComfyUI\models\sam3d\hf";"yes"
"2026-09-11 17:47:29";"quarantine";"ace_step_1.5_turbo_aio.safetensors";"9,34";"J:\ComfyUI_windows_portable_nvidia\ComfyUI_windows_portable\ComfyUI\models\checkpoints\ace_step_1.5_turbo_aio.safetensors";"yes"
"2026-09-11 17:47:29";"quarantine";"wan2.2_fun_control_5B_bf16.safetensors";"9,32";"J:\ComfyUI_windows_portable_nvidia\ComfyUI_windows_portable\ComfyUI\models\diffusion_models\wan2.2_fun_control_5B_bf16.safetensors";"yes"
"2026-09-11 17:47:29";"quarantine";"wan2.2_fun_inpaint_5B_bf16.safetensors";"9,31";"J:\ComfyUI_windows_portable_nvidia\ComfyUI_windows_portable\ComfyUI\models\diffusion_models\wan2.2_fun_inpaint_5B_bf16.safetensors";"yes"
"2026-09-11 17:47:29";"quarantine";"flux-2-klein-9b-kv-fp8.safetensors";"9,14";"J:\ComfyUI_windows_portable_nvidia\ComfyUI_windows_portable\ComfyUI\models\diffusion_models\flux-2-klein-9b-kv-fp8.safetensors";"yes"
"2026-09-11 17:47:29";"quarantine";"qwen3.5_4b_bf16.safetensors";"8,68";"J:\ComfyUI_windows_portable_nvidia\ComfyUI_windows_portable\ComfyUI\models\text_encoders\qwen3.5_4b_bf16.safetensors";"yes"
"2026-09-11 17:47:29";"quarantine";"minimax_music3_text_encoder_pruned_int8_convrot.safetensors";"8,57";"J:\ComfyUI_windows_portable_nvidia\ComfyUI_windows_portable\ComfyUI\models\text_encoders\minimax_music3_text_encoder_pruned_int8_convrot.safetensors";"yes"
"2026-09-11 17:47:29";"quarantine";"llama_3.1_8b_instruct_fp8_scaled.safetensors";"8,46";"J:\ComfyUI_windows_portable_nvidia\ComfyUI_windows_portable\ComfyUI\models\text_encoders\llama_3.1_8b_instruct_fp8_scaled.safetensors";"yes"
"2026-09-11 17:47:29";"quarantine";"qwen_4b_ace15.safetensors";"7,8";"J:\ComfyUI_windows_portable_nvidia\ComfyUI_windows_portable\ComfyUI\models\checkpoints\qwen_4b_ace15.safetensors";"yes"
"2026-09-11 17:47:29";"quarantine";"qwen_4b_ace15.safetensors";"7,8";"J:\ComfyUI_windows_portable_nvidia\ComfyUI_windows_portable\ComfyUI\models\text_encoders\qwen_4b_ace15.safetensors";"yes"
"2026-09-11 17:47:29";"quarantine";"ace_step_v1_3.5b.safetensors";"7,17";"J:\ComfyUI_windows_portable_nvidia\ComfyUI_windows_portable\ComfyUI\models\checkpoints\ace_step_v1_3.5b.safetensors";"yes"
"2026-09-11 17:47:29";"quarantine";"Z-Image-Turbo-Fun-Controlnet-Union-2.1.safetensors";"6,25";"J:\ComfyUI_windows_portable_nvidia\ComfyUI_windows_portable\ComfyUI\models\model_patches\Z-Image-Turbo-Fun-Controlnet-Union-2.1.safetensors";"yes"
"2026-09-11 17:47:29";"quarantine";"512-inpainting-ema.safetensors";"4,86";"J:\ComfyUI_windows_portable_nvidia\ComfyUI_windows_portable\ComfyUI\models\checkpoints\512-inpainting-ema.safetensors";"yes"
"2026-09-11 17:47:29";"quarantine";"ovis_2.5.safetensors";"4,79";"J:\ComfyUI_windows_portable_nvidia\ComfyUI_windows_portable\ComfyUI\models\text_encoders\ovis_2.5.safetensors";"yes"
"2026-09-11 17:47:29";"quarantine";"minimax_music3_dit_fp16.safetensors";"4,58";"J:\ComfyUI_windows_portable_nvidia\ComfyUI_windows_portable\ComfyUI\models\diffusion_models\minimax_music3_dit_fp16.safetensors";"yes"
"2026-09-11 17:47:29";"quarantine";"stable-audio-open-1.0.safetensors";"4,52";"J:\ComfyUI_windows_portable_nvidia\ComfyUI_windows_portable\ComfyUI\models\checkpoints\stable-audio-open-1.0.safetensors";"yes"
"2026-09-11 17:47:29";"quarantine";"acestep_v1.5_turbo.safetensors";"4,46";"J:\ComfyUI_windows_portable_nvidia\ComfyUI_windows_portable\ComfyUI\models\diffusion_models\acestep_v1.5_turbo.safetensors";"yes"
"2026-09-11 17:47:29";"quarantine";"products2.safetensors";"4,11";"J:\ComfyUI_windows_portable_nvidia\ComfyUI_windows_portable\ComfyUI\models\loras\sdv1-5\products2.safetensors";"yes"
"2026-09-11 17:47:29";"quarantine";"wan2.1_vace_1.3B_fp16.safetensors";"4,01";"J:\ComfyUI_windows_portable_nvidia\ComfyUI_windows_portable\ComfyUI\models\diffusion_models\wan2.1_vace_1.3B_fp16.safetensors";"yes"
"2026-09-11 17:47:29";"quarantine";"flux-2-klein-base-4b-fp8.safetensors";"3,81";"J:\ComfyUI_windows_portable_nvidia\ComfyUI_windows_portable\ComfyUI\models\diffusion_models\flux-2-klein-base-4b-fp8.safetensors";"yes"
"2026-09-11 17:47:29";"quarantine";"qwen_1.7b_ace15.safetensors";"3,45";"J:\ComfyUI_windows_portable_nvidia\ComfyUI_windows_portable\ComfyUI\models\text_encoders\qwen_1.7b_ace15.safetensors";"yes"
"2026-09-11 17:47:29";"quarantine";"Qwen-Image-2512-Fun-Controlnet-Union-2602.safetensors";"3,27";"J:\ComfyUI_windows_portable_nvidia\ComfyUI_windows_portable\ComfyUI\models\controlnet\Qwen-Image-2512-Fun-Controlnet-Union-2602.safetensors";"yes"
"2026-09-11 17:47:29";"quarantine";"Z-Image-Turbo-Fun-Controlnet-Union.safetensors";"2,89";"J:\ComfyUI_windows_portable_nvidia\ComfyUI_windows_portable\ComfyUI\models\model_patches\Z-Image-Turbo-Fun-Controlnet-Union.safetensors";"yes"
"2026-09-11 17:47:29";"quarantine";"whisper_large_v3_fp16.safetensors";"2,88";"J:\ComfyUI_windows_portable_nvidia\ComfyUI_windows_portable\ComfyUI\models\audio_encoders\whisper_large_v3_fp16.safetensors";"yes"
"2026-09-11 17:47:29";"quarantine";"hunyuanvideo15_vae_fp16.safetensors";"2,35";"J:\ComfyUI_windows_portable_nvidia\ComfyUI_windows_portable\ComfyUI\models\vae\hunyuanvideo15_vae_fp16.safetensors";"yes"
"2026-09-11 17:47:29";"quarantine";"japaneseStyleRealistic_v20.safetensors";"2,24";"J:\ComfyUI_windows_portable_nvidia\ComfyUI_windows_portable\ComfyUI\models\checkpoints\japaneseStyleRealistic_v20.safetensors";"yes"
"2026-09-11 17:47:29";"quarantine";"dreamCreationVirtual3DECommerce_v10.safetensors";"2,24";"J:\ComfyUI_windows_portable_nvidia\ComfyUI_windows_portable\ComfyUI\models\checkpoints\dreamCreationVirtual3DECommerce_v10.safetensors";"yes"
"2026-09-11 17:47:29";"quarantine";"open-clip-xlm-roberta-large-vit-huge-14_fp16.safetensors";"2,22";"J:\ComfyUI_windows_portable_nvidia\ComfyUI_windows_portable\ComfyUI\models\clip_vision\open-clip-xlm-roberta-large-vit-huge-14_fp16.safetensors";"yes"
"2026-09-11 17:47:29";"quarantine";"Wuli-Qwen-Image-2512-Turbo-LoRA-2steps-V1.0-bf16.safetensors";"2,2";"J:\ComfyUI_windows_portable_nvidia\ComfyUI_windows_portable\ComfyUI\models\loras\Wuli-Qwen-Image-2512-Turbo-LoRA-2steps-V1.0-bf16.safetensors";"yes"
"2026-09-11 17:47:29";"quarantine";"qwen_image_canny_diffsynth_controlnet.safetensors";"2,11";"J:\ComfyUI_windows_portable_nvidia\ComfyUI_windows_portable\ComfyUI\models\model_patches\qwen_image_canny_diffsynth_controlnet.safetensors";"yes"
"2026-09-11 17:47:29";"quarantine";"v1-5-pruned-emaonly-fp16.safetensors";"1,99";"J:\ComfyUI_windows_portable_nvidia\ComfyUI_windows_portable\ComfyUI\models\checkpoints\v1-5-pruned-emaonly-fp16.safetensors";"yes"
"2026-09-11 17:47:29";"quarantine";"awpainting_v14.safetensors";"1,99";"J:\ComfyUI_windows_portable_nvidia\ComfyUI_windows_portable\ComfyUI\models\checkpoints\awpainting_v14.safetensors";"yes"
"2026-09-11 17:47:29";"quarantine";"architecturerealmix_v11.safetensors";"1,99";"J:\ComfyUI_windows_portable_nvidia\ComfyUI_windows_portable\ComfyUI\models\checkpoints\architecturerealmix_v11.safetensors";"yes"
"2026-09-11 17:47:29";"quarantine";"majicmixRealistic_v7.safetensors";"1,99";"J:\ComfyUI_windows_portable_nvidia\ComfyUI_windows_portable\ComfyUI\models\checkpoints\majicmixRealistic_v7.safetensors";"yes"
"2026-09-11 17:47:29";"quarantine";"realisticVisionV60B1_v51HyperVAE.safetensors";"1,99";"J:\ComfyUI_windows_portable_nvidia\ComfyUI_windows_portable\ComfyUI\models\checkpoints\realisticVisionV60B1_v51HyperVAE.safetensors";"yes"
"2026-09-11 17:47:29";"quarantine";"interiordesignsuperm_v2.safetensors";"1,99";"J:\ComfyUI_windows_portable_nvidia\ComfyUI_windows_portable\ComfyUI\models\checkpoints\interiordesignsuperm_v2.safetensors";"yes"
"2026-09-11 17:47:29";"quarantine";"sdpose_wholebody_fp16.safetensors";"1,79";"J:\ComfyUI_windows_portable_nvidia\ComfyUI_windows_portable\ComfyUI\models\checkpoints\sdpose_wholebody_fp16.safetensors";"yes"
"2026-09-11 17:47:29";"quarantine";"wan2.2_vae.safetensors";"1,31";"J:\ComfyUI_windows_portable_nvidia\ComfyUI_windows_portable\ComfyUI\models\vae\wan2.2_vae.safetensors";"yes"
"2026-09-11 17:47:29";"quarantine";"clip_g_hidream.safetensors";"1,29";"J:\ComfyUI_windows_portable_nvidia\ComfyUI_windows_portable\ComfyUI\models\text_encoders\clip_g_hidream.safetensors";"yes"
"2026-09-11 17:47:29";"quarantine";"depth_anything_3_mono_large.safetensors";"1,24";"J:\ComfyUI_windows_portable_nvidia\ComfyUI_windows_portable\ComfyUI\models\geometry_estimation\depth_anything_3_mono_large.safetensors";"yes"
"2026-09-11 17:47:29";"quarantine";"flux1-depth-dev-lora.safetensors";"1,16";"J:\ComfyUI_windows_portable_nvidia\ComfyUI_windows_portable\ComfyUI\models\loras\Flux\flux1-depth-dev-lora.safetensors";"yes"
"2026-09-11 17:47:29";"quarantine";"wan2.2_t2v_lightx2v_4steps_lora_v1.1_high_noise.safetensors";"1,14";"J:\ComfyUI_windows_portable_nvidia\ComfyUI_windows_portable\ComfyUI\models\loras\wan2.2_t2v_lightx2v_4steps_lora_v1.1_high_noise.safetensors";"yes"
"2026-09-11 17:47:29";"quarantine";"wan2.2_t2v_lightx2v_4steps_lora_v1.1_low_noise.safetensors";"1,14";"J:\ComfyUI_windows_portable_nvidia\ComfyUI_windows_portable\ComfyUI\models\loras\wan2.2_t2v_lightx2v_4steps_lora_v1.1_low_noise.safetensors";"yes"
"2026-09-11 17:47:29";"quarantine";"qwen_0.6b_ace15.safetensors";"1,11";"J:\ComfyUI_windows_portable_nvidia\ComfyUI_windows_portable\ComfyUI\models\checkpoints\qwen_0.6b_ace15.safetensors";"yes"
"2026-09-11 17:47:29";"quarantine";"qwen_0.6b_ace15.safetensors";"1,11";"J:\ComfyUI_windows_portable_nvidia\ComfyUI_windows_portable\ComfyUI\models\text_encoders\qwen_0.6b_ace15.safetensors";"yes"
"2026-09-11 17:47:29";"quarantine";"ltx-2.3-id-lora-talkvid-3k.safetensors";"1,08";"J:\ComfyUI_windows_portable_nvidia\ComfyUI_windows_portable\ComfyUI\models\loras\ltx-2.3-id-lora-talkvid-3k.safetensors";"yes"
"2026-09-11 17:47:29";"quarantine";"ltx-2.3-spatial-upscaler-x2-1.0.safetensors";"0,93";"J:\ComfyUI_windows_portable_nvidia\ComfyUI_windows_portable\ComfyUI\models\latent_upscale_models\ltx-2.3-spatial-upscaler-x2-1.0.safetensors";"yes"
"2026-09-11 17:47:29";"quarantine";"qwen_image_union_diffsynth_lora.safetensors";"0,88";"J:\ComfyUI_windows_portable_nvidia\ComfyUI_windows_portable\ComfyUI\models\loras\qwen_image_union_diffsynth_lora.safetensors";"yes"
"2026-09-11 17:47:29";"quarantine";"SDXL_FILM_PHOTOGRAPHY_STYLE_V1.safetensors";"0,85";"J:\ComfyUI_windows_portable_nvidia\ComfyUI_windows_portable\ComfyUI\models\loras\sdxl\SDXL_FILM_PHOTOGRAPHY_STYLE_V1.safetensors";"yes"
"2026-09-11 17:47:29";"quarantine";"t5-base.safetensors";"0,83";"J:\ComfyUI_windows_portable_nvidia\ComfyUI_windows_portable\ComfyUI\models\text_encoders\t5-base.safetensors";"yes"
"2026-09-11 17:47:29";"quarantine";"FireRed-Image-Edit-1.0-Lightning-8steps-v1.0.safetensors";"0,79";"J:\ComfyUI_windows_portable_nvidia\ComfyUI_windows_portable\ComfyUI\models\loras\FireRed-Image-Edit-1.0-Lightning-8steps-v1.0.safetensors";"yes"
"2026-09-11 17:47:29";"quarantine";"gligen_sd14_textbox_pruned.safetensors";"0,78";"J:\ComfyUI_windows_portable_nvidia\ComfyUI_windows_portable\ComfyUI\models\gligen\gligen_sd14_textbox_pruned.safetensors";"yes"
"2026-09-11 17:47:29";"quarantine";"sdxl_hyper_sd_4step_lora.safetensors";"0,73";"J:\ComfyUI_windows_portable_nvidia\ComfyUI_windows_portable\ComfyUI\models\loras\sdxl\sdxl_hyper_sd_4step_lora.safetensors";"yes"
"2026-09-11 17:47:29";"quarantine";"hunyuan3d-vae-v2-1.ckpt";"0,61";"J:\ComfyUI_windows_portable_nvidia\ComfyUI_windows_portable\ComfyUI\models\vae\hunyuan3d-vae-v2-1.ckpt";"yes"
"2026-09-11 17:47:29";"quarantine";"IconMaker.safetensors";"0,57";"J:\ComfyUI_windows_portable_nvidia\ComfyUI_windows_portable\ComfyUI\models\loras\Flux\IconMaker.safetensors";"yes"
"2026-09-11 17:47:29";"quarantine";"Qwen-Image-Edit-2509-Anything2RealAlpha.safetensors";"0,57";"J:\ComfyUI_windows_portable_nvidia\ComfyUI_windows_portable\ComfyUI\models\loras\Qwen-Image-Edit-2509-Anything2RealAlpha.safetensors";"yes"
"2026-09-11 17:47:29";"quarantine";"uso-flux1-dit-lora-v1.safetensors";"0,45";"J:\ComfyUI_windows_portable_nvidia\ComfyUI_windows_portable\ComfyUI\models\loras\uso-flux1-dit-lora-v1.safetensors";"yes"
"2026-09-11 17:47:29";"quarantine";"kidsdrawing.safetensors";"0,44";"J:\ComfyUI_windows_portable_nvidia\ComfyUI_windows_portable\ComfyUI\models\loras\kidsdrawing.safetensors";"yes"
"2026-09-11 17:47:29";"quarantine";"Perfect Hands v2.safetensors";"0,43";"J:\ComfyUI_windows_portable_nvidia\ComfyUI_windows_portable\ComfyUI\models\loras\sdxl\Perfect Hands v2.safetensors";"yes"
"2026-09-11 17:47:29";"quarantine";"byt5_small_glyphxl_fp16.safetensors";"0,41";"J:\ComfyUI_windows_portable_nvidia\ComfyUI_windows_portable\ComfyUI\models\text_encoders\byt5_small_glyphxl_fp16.safetensors";"yes"
"2026-09-11 17:47:29";"quarantine";"lcm_load_sdxl.safetensors";"0,37";"J:\ComfyUI_windows_portable_nvidia\ComfyUI_windows_portable\ComfyUI\models\loras\LCM\lcm_load_sdxl.safetensors";"yes"
"2026-09-11 17:47:29";"quarantine";"lcm_lora_sdxl.safetensors";"0,37";"J:\ComfyUI_windows_portable_nvidia\ComfyUI_windows_portable\ComfyUI\models\loras\LCM\lcm_lora_sdxl.safetensors";"yes"
"2026-09-11 17:47:29";"quarantine";"ltx2.3-transition.safetensors";"0,36";"J:\ComfyUI_windows_portable_nvidia\ComfyUI_windows_portable\ComfyUI\models\loras\ltx2.3-transition.safetensors";"yes"
"2026-09-11 17:47:29";"quarantine";"chronoedit_distill_lora.safetensors";"0,35";"J:\ComfyUI_windows_portable_nvidia\ComfyUI_windows_portable\ComfyUI\models\loras\chronoedit_distill_lora.safetensors";"yes"
"2026-09-11 17:47:29";"quarantine";"360_epoch20.safetensors";"0,33";"J:\ComfyUI_windows_portable_nvidia\ComfyUI_windows_portable\ComfyUI\models\loras\360_epoch20.safetensors";"yes"
"2026-09-11 17:47:29";"quarantine";"ace_1.5_vae.safetensors";"0,31";"J:\ComfyUI_windows_portable_nvidia\ComfyUI_windows_portable\ComfyUI\models\vae\ace_1.5_vae.safetensors";"yes"
"2026-09-11 17:47:29";"quarantine";"TripleView_klein9b_v1.safetensors";"0,31";"J:\ComfyUI_windows_portable_nvidia\ComfyUI_windows_portable\ComfyUI\models\loras\TripleView_klein9b_v1.safetensors";"yes"
"2026-09-11 17:47:29";"quarantine";"QuadView_klein9b_v1.safetensors";"0,31";"J:\ComfyUI_windows_portable_nvidia\ComfyUI_windows_portable\ComfyUI\models\loras\QuadView_klein9b_v1.safetensors";"yes"
"2026-09-11 17:47:29";"quarantine";"Wan21_CausVid_14B_T2V_lora_rank32.safetensors";"0,3";"J:\ComfyUI_windows_portable_nvidia\ComfyUI_windows_portable\ComfyUI\models\loras\Wan21_CausVid_14B_T2V_lora_rank32.safetensors";"yes"
"2026-09-11 17:47:29";"quarantine";"coadapter-depth-sd15v1.pth";"0,29";"J:\ComfyUI_windows_portable_nvidia\ComfyUI_windows_portable\ComfyUI\models\controlnet\coadapter-depth-sd15v1.pth";"yes"
"2026-09-11 17:47:29";"quarantine";"controlnetT2IAdapter_t2iAdapterDepth.safetensors";"0,29";"J:\ComfyUI_windows_portable_nvidia\ComfyUI_windows_portable\ComfyUI\models\controlnet\controlnetT2IAdapter_t2iAdapterDepth.safetensors";"yes"
"2026-09-11 17:47:29";"quarantine";"MinimalistFlatDesignStyle.safetensors";"0,29";"J:\ComfyUI_windows_portable_nvidia\ComfyUI_windows_portable\ComfyUI\models\loras\Flux\MinimalistFlatDesignStyle.safetensors";"yes"
"2026-09-11 17:47:29";"quarantine";"DashedLineDrawingStyle_Optimized.safetensors";"0,29";"J:\ComfyUI_windows_portable_nvidia\ComfyUI_windows_portable\ComfyUI\models\loras\Flux\DashedLineDrawingStyle_Optimized.safetensors";"yes"
"2026-09-11 17:47:29";"quarantine";"qwen_image_layered_vae.safetensors";"0,24";"J:\ComfyUI_windows_portable_nvidia\ComfyUI_windows_portable\ComfyUI\models\vae\qwen_image_layered_vae.safetensors";"yes"
"2026-09-11 17:47:29";"quarantine";"clip_l_hidream.safetensors";"0,23";"J:\ComfyUI_windows_portable_nvidia\ComfyUI_windows_portable\ComfyUI\models\text_encoders\clip_l_hidream.safetensors";"yes"
"2026-09-11 17:47:29";"quarantine";"Qwen-Image-Edit-2509-Light-Migration.safetensors";"0,22";"J:\ComfyUI_windows_portable_nvidia\ComfyUI_windows_portable\ComfyUI\models\loras\Qwen-Image-Edit-2509-Light-Migration.safetensors";"yes"
"2026-09-11 17:47:29";"quarantine";"Qwen-Image-Edit-2509-Relight.safetensors";"0,22";"J:\ComfyUI_windows_portable_nvidia\ComfyUI_windows_portable\ComfyUI\models\loras\Qwen-Image-Edit-2509-Relight.safetensors";"yes"
"2026-09-11 17:47:29";"quarantine";"SDXL_FILM_PHOTOGRAPHY_STYLE_BetaV0.4.safetensors";"0,22";"J:\ComfyUI_windows_portable_nvidia\ComfyUI_windows_portable\ComfyUI\models\loras\sdxl\SDXL_FILM_PHOTOGRAPHY_STYLE_BetaV0.4.safetensors";"yes"
"2026-09-11 17:47:29";"quarantine";"MoonV1.safetensors";"0,21";"J:\ComfyUI_windows_portable_nvidia\ComfyUI_windows_portable\ComfyUI\models\loras\sdv1-5\MoonV1.safetensors";"yes"
"2026-09-11 17:47:29";"quarantine";"add-detail-xl.safetensors";"0,21";"J:\ComfyUI_windows_portable_nvidia\ComfyUI_windows_portable\ComfyUI\models\loras\sdxl\add-detail-xl.safetensors";"yes"
"2026-09-11 17:47:29";"quarantine";"minimax_music3_dav.safetensors";"0,2";"J:\ComfyUI_windows_portable_nvidia\ComfyUI_windows_portable\ComfyUI\models\vae\minimax_music3_dav.safetensors";"yes"
"2026-09-11 17:47:29";"quarantine";"u2net.onnx";"0,16";"J:\ComfyUI_windows_portable_nvidia\ComfyUI_windows_portable\ComfyUI\models\rembg\u2net.onnx";"yes"
"2026-09-11 17:47:29";"quarantine";"Lunettes.safetensors";"0,15";"J:\ComfyUI_windows_portable_nvidia\ComfyUI_windows_portable\ComfyUI\models\loras\Lunettes.safetensors";"yes"
"2026-09-11 17:47:29";"quarantine";"Lunettes_000002750.safetensors";"0,15";"J:\ComfyUI_windows_portable_nvidia\ComfyUI_windows_portable\ComfyUI\models\loras\Lunettes_000002750.safetensors";"yes"
"2026-09-11 17:47:29";"quarantine";"3DREAL-light.safetensors";"0,15";"J:\ComfyUI_windows_portable_nvidia\ComfyUI_windows_portable\ComfyUI\models\loras\3DREAL-light.safetensors";"yes"
"2026-09-11 17:47:29";"quarantine";"MoXinV1.safetensors";"0,14";"J:\ComfyUI_windows_portable_nvidia\ComfyUI_windows_portable\ComfyUI\models\loras\sdv1-5\MoXinV1.safetensors";"yes"
"2026-09-11 17:47:29";"quarantine";"Ink scenery.safetensors";"0,14";"J:\ComfyUI_windows_portable_nvidia\ComfyUI_windows_portable\ComfyUI\models\loras\sdv1-5\Ink scenery.safetensors";"yes"
"2026-09-11 17:47:29";"quarantine";"0mib3(gut auf 1).safetensors";"0,14";"J:\ComfyUI_windows_portable_nvidia\ComfyUI_windows_portable\ComfyUI\models\loras\sdv1-5\0mib3(gut auf 1).safetensors";"yes"
"2026-09-11 17:47:29";"quarantine";"Moogone_library v0.01.safetensors";"0,14";"J:\ComfyUI_windows_portable_nvidia\ComfyUI_windows_portable\ComfyUI\models\loras\sdv1-5\Moogone_library v0.01.safetensors";"yes"
"2026-09-11 17:47:29";"quarantine";"oldPhoto_v1.0.safetensors";"0,14";"J:\ComfyUI_windows_portable_nvidia\ComfyUI_windows_portable\ComfyUI\models\loras\sdv1-5\oldPhoto_v1.0.safetensors";"yes"
"2026-09-11 17:47:29";"quarantine";"emotions_lora.safetensors";"0,14";"J:\ComfyUI_windows_portable_nvidia\ComfyUI_windows_portable\ComfyUI\models\loras\sdv1-5\emotions_lora.safetensors";"yes"
"2026-09-11 17:47:29";"quarantine";"InstantPhotoX3.safetensors";"0,14";"J:\ComfyUI_windows_portable_nvidia\ComfyUI_windows_portable\ComfyUI\models\loras\sdv1-5\InstantPhotoX3.safetensors";"yes"
"2026-09-11 17:47:29";"quarantine";"blindbox_v1_mix.safetensors";"0,14";"J:\ComfyUI_windows_portable_nvidia\ComfyUI_windows_portable\ComfyUI\models\loras\sdv1-5\blindbox_v1_mix.safetensors";"yes"
"2026-09-11 17:47:29";"quarantine";"LoRA-3D-Light.safetensors";"0,14";"J:\ComfyUI_windows_portable_nvidia\ComfyUI_windows_portable\ComfyUI\models\loras\sdv1-5\LoRA-3D-Light.safetensors";"yes"
"2026-09-11 17:47:29";"quarantine";"lcm_lora_sdv1-5.safetensors";"0,13";"J:\ComfyUI_windows_portable_nvidia\ComfyUI_windows_portable\ComfyUI\models\loras\LCM\lcm_lora_sdv1-5.safetensors";"yes"
"2026-09-11 17:47:29";"quarantine";"flux1-redux-dev.safetensors";"0,12";"J:\ComfyUI_windows_portable_nvidia\ComfyUI_windows_portable\ComfyUI\models\style_models\flux1-redux-dev.safetensors";"yes"
"2026-09-11 17:47:29";"quarantine";"rt_detr_v4-x-hgnet_fp16.safetensors";"0,12";"J:\ComfyUI_windows_portable_nvidia\ComfyUI_windows_portable\ComfyUI\models\diffusion_models\rt_detr_v4-x-hgnet_fp16.safetensors";"yes"
"2026-09-11 17:47:29";"quarantine";"removal_timestep_alpha-2-1740.safetensors";"0,08";"J:\ComfyUI_windows_portable_nvidia\ComfyUI_windows_portable\ComfyUI\models\loras\removal_timestep_alpha-2-1740.safetensors";"yes"
"2026-09-11 17:47:29";"quarantine";"epi_noiseoffset2.safetensors";"0,08";"J:\ComfyUI_windows_portable_nvidia\ComfyUI_windows_portable\ComfyUI\models\loras\epi_noiseoffset2.safetensors";"yes"
"2026-09-11 17:47:29";"quarantine";"flat_color.pt";"0,07";"J:\ComfyUI_windows_portable_nvidia\ComfyUI_windows_portable\ComfyUI\models\loras\sdv1-5\flat_color.pt";"yes"
"2026-09-11 17:47:29";"quarantine";"hipoly_3dcg_v7-epoch-000012.safetensors";"0,07";"J:\ComfyUI_windows_portable_nvidia\ComfyUI_windows_portable\ComfyUI\models\loras\sdv1-5\hipoly_3dcg_v7-epoch-000012.safetensors";"yes"
"2026-09-11 17:47:29";"quarantine";"Better_Nature_v1.safetensors";"0,07";"J:\ComfyUI_windows_portable_nvidia\ComfyUI_windows_portable\ComfyUI\models\loras\sdv1-5\Better_Nature_v1.safetensors";"yes"
"2026-09-11 17:47:29";"quarantine";"RealESRGAN_x4plus.pth";"0,06";"J:\ComfyUI_windows_portable_nvidia\ComfyUI_windows_portable\ComfyUI\models\upscale_models\RealESRGAN_x4plus.pth";"yes"
"2026-09-11 17:47:29";"quarantine";"RealESRGAN_x4plus.safetensors";"0,06";"J:\ComfyUI_windows_portable_nvidia\ComfyUI_windows_portable\ComfyUI\models\upscale_models\RealESRGAN_x4plus.safetensors";"yes"
"2026-09-11 17:47:29";"quarantine";"products.safetensors";"0,04";"J:\ComfyUI_windows_portable_nvidia\ComfyUI_windows_portable\ComfyUI\models\loras\sdv1-5\products.safetensors";"yes"
"2026-09-11 17:47:29";"quarantine";"LORA-Victorian Style.safetensors";"0,04";"J:\ComfyUI_windows_portable_nvidia\ComfyUI_windows_portable\ComfyUI\models\loras\sdv1-5\LORA-Victorian Style.safetensors";"yes"
"2026-09-11 17:47:29";"quarantine";"industrial_design_sketches.safetensors";"0,04";"J:\ComfyUI_windows_portable_nvidia\ComfyUI_windows_portable\ComfyUI\models\loras\sdv1-5\industrial_design_sketches.safetensors";"yes"
"2026-09-11 17:47:29";"quarantine";"xsarchitectural.safetensors";"0,04";"J:\ComfyUI_windows_portable_nvidia\ComfyUI_windows_portable\ComfyUI\models\loras\sdv1-5\xsarchitectural.safetensors";"yes"
"2026-09-11 17:47:29";"quarantine";"HKMap_LoRA-000009.safetensors";"0,04";"J:\ComfyUI_windows_portable_nvidia\ComfyUI_windows_portable\ComfyUI\models\loras\sdv1-5\HKMap_LoRA-000009.safetensors";"yes"
"2026-09-11 17:47:29";"quarantine";"landscape_architecture_sketch.safetensors";"0,04";"J:\ComfyUI_windows_portable_nvidia\ComfyUI_windows_portable\ComfyUI\models\loras\sdv1-5\landscape_architecture_sketch.safetensors";"yes"
"2026-09-11 17:47:29";"quarantine";"uso-flux1-projector-v1.safetensors";"0,02";"J:\ComfyUI_windows_portable_nvidia\ComfyUI_windows_portable\ComfyUI\models\model_patches\uso-flux1-projector-v1.safetensors";"yes"
"2026-09-11 17:47:29";"quarantine";"markerhandsketch-V1.safetensors";"0,01";"J:\ComfyUI_windows_portable_nvidia\ComfyUI_windows_portable\ComfyUI\models\loras\sdv1-5\markerhandsketch-V1.safetensors";"yes"
"2026-09-11 17:47:29";"quarantine";"more_details.safetensors";"0,01";"J:\ComfyUI_windows_portable_nvidia\ComfyUI_windows_portable\ComfyUI\models\loras\sdv1-5\more_details.safetensors";"yes"
"2026-09-11 17:47:29";"quarantine";"ClothingAdjuster3.safetensors";"0";"J:\ComfyUI_windows_portable_nvidia\ComfyUI_windows_portable\ComfyUI\models\loras\sdv1-5\ClothingAdjuster3.safetensors";"yes"
"2026-09-11 17:47:29";"quarantine";"taef1_encoder.safetensors";"0";"J:\ComfyUI_windows_portable_nvidia\ComfyUI_windows_portable\ComfyUI\models\vae_approx\taef1_encoder.safetensors";"yes"
"2026-09-11 17:47:29";"quarantine";"taesd3_encoder.safetensors";"0";"J:\ComfyUI_windows_portable_nvidia\ComfyUI_windows_portable\ComfyUI\models\vae_approx\taesd3_encoder.safetensors";"yes"
"2026-09-11 17:47:29";"quarantine";"taef1_decoder.safetensors";"0";"J:\ComfyUI_windows_portable_nvidia\ComfyUI_windows_portable\ComfyUI\models\vae_approx\taef1_decoder.safetensors";"yes"
"2026-09-11 17:47:29";"quarantine";"taesd3_decoder.safetensors";"0";"J:\ComfyUI_windows_portable_nvidia\ComfyUI_windows_portable\ComfyUI\models\vae_approx\taesd3_decoder.safetensors";"yes"
"2026-09-11 17:47:29";"quarantine";"taesdxl_decoder.safetensors";"0";"J:\ComfyUI_windows_portable_nvidia\ComfyUI_windows_portable\ComfyUI\models\vae_approx\taesdxl_decoder.safetensors";"yes"
"2026-09-11 17:47:29";"quarantine";"taesd_decoder.safetensors";"0";"J:\ComfyUI_windows_portable_nvidia\ComfyUI_windows_portable\ComfyUI\models\vae_approx\taesd_decoder.safetensors";"yes"
"2026-09-11 17:47:29";"quarantine";"taesdxl_encoder.safetensors";"0";"J:\ComfyUI_windows_portable_nvidia\ComfyUI_windows_portable\ComfyUI\models\vae_approx\taesdxl_encoder.safetensors";"yes"
"2026-09-11 17:47:29";"quarantine";"taesd_encoder.safetensors";"0";"J:\ComfyUI_windows_portable_nvidia\ComfyUI_windows_portable\ComfyUI\models\vae_approx\taesd_encoder.safetensors";"yes"
"2026-09-11 17:47:29";"quarantine";".cache";"0";"J:\ComfyUI_windows_portable_nvidia\ComfyUI_windows_portable\ComfyUI\models\liveportrait\.cache";"yes"
"2026-09-11 17:47:29";"quarantine";".cache";"0";"J:\ComfyUI_windows_portable_nvidia\ComfyUI_windows_portable\ComfyUI\models\FlashVSR\.cache";"yes"
"2026-09-11 17:47:29";"quarantine";".cache";"0";"J:\ComfyUI_windows_portable_nvidia\ComfyUI_windows_portable\ComfyUI\models\moebius\.cache";"yes"
"2026-09-11 17:47:29";"quarantine";".cache";"0";"J:\ComfyUI_windows_portable_nvidia\ComfyUI_windows_portable\ComfyUI\models\depthanything\.cache";"yes"
"2026-09-11 17:47:29";"quarantine";".cache";"0";"J:\ComfyUI_windows_portable_nvidia\ComfyUI_windows_portable\ComfyUI\models\depthanything3\.cache";"yes"
"2026-09-11 17:47:29";"quarantine";".cache";"0";"J:\ComfyUI_windows_portable_nvidia\ComfyUI_windows_portable\ComfyUI\models\sam2\.cache";"yes"
"2026-09-11 17:47:29";"quarantine";".cache";"0";"J:\ComfyUI_windows_portable_nvidia\ComfyUI_windows_portable\ComfyUI\models\videodepthanything\.cache";"yes"
"2026-09-11 17:47:29";"quarantine";"torch_hub";"0";"J:\ComfyUI_windows_portable_nvidia\ComfyUI_windows_portable\ComfyUI\models\Pixal3D\torch_hub";"yes"
